userName,firstName,lastName,email,password
jdoe,John,Doe,jdoe@bcit.ca,jdoe123
amain,Alan,Main,amain@bcit.ca,amain123
skim,Susie,Kim,skim@bcit.ca,skim123
pguzman,Patrick,Guzman,pguzman@bcit.ca,pguzman123
dfisher,Derek,Fisher,dfisher@bcit.ca,dfisher123
jsmall,James,Small,jsmall@bcit.ca,jsmall123
cchan,Chris,Chan,cchan@bcit.ca,cchan123
lmcgee,Liam,Mcgee,lmcgee@bcit.ca,lmcgee123
mmatsumoto,Markus,Matsumoto,mmatsumoto@bcit.ca,mmatsumoto123